[{"@type":"mappingTemplate","id":"@1","name":"chineeseChar_mapping","description":"","bundleVersion":"0","templateId":"@3","deployTime":1711001187000,"hasParameters":false,"valid":true,"fixedConnection":true,"hasParametersDeployed":false,"fixedConnectionDeployed":true,"isSchemaValidationEnabled":false,"tasks":0,"mappingPreviewFileRecordId":"@2","documentType":"MAPPING","references":[{"@type":"reference","refObjectId":"@eSHSWsoIe8OerqjiP3liO3","refType":"connection"},{"@type":"reference","refObjectId":"@2RQYjGay0PHcF1MyYVSGq8","refType":"connection"}]}]