[{"@type":"mappingTemplate","id":"@1","name":"Get_90_Days_Records_Sales_FF","description":"","bundleVersion":"0","templateId":"@3","deployTime":1710310473000,"hasParameters":false,"valid":true,"fixedConnection":true,"hasParametersDeployed":false,"fixedConnectionDeployed":true,"isSchemaValidationEnabled":false,"tasks":0,"mappingPreviewFileRecordId":"@2","documentType":"MAPPING","references":[{"@type":"reference","refObjectId":"@eSHSWsoIe8OerqjiP3liO3","refType":"connection"},{"@type":"reference","refObjectId":"@izp6n3s8L2qjVZPfiLh5Kp","refType":"connection"}]}]